Workbook

Sheet Summary
A1: Sammenligning af realkreditlån – Jyske vs. Danske
A2: Diskonteringsrente (p.a.) | B2: 0.025 | C2: ← ændr her; alle nutidsværdier opdateres
A4: Lån | B4: Type | C4: Hovedstol | D4: Rente | E4: Bidragssats | F4: Bidrag nominelt (sum) | G4: NV af bidrag @ rente | H4: Samlet tilbagebetaling (før skat)
A5: Danske / Realkredit Danmark – Obligationslån 4% (med afdrag) | B5: 30 år, med afdrag | C5: 2834000 | D5: 0.04 | E5: 0.00206 | F5: ='Danske'!F36 | G5: ='Danske'!I36 | H5: ='Danske'!B36
A6: Jyske Realkredit – Fastrente 4% (med afdrag) | B6: 30 år, med afdrag | C6: 2849000 | D6: 0.04 | E6: 0.00225 | F6: ='Jyske_afdrag'!F36 | G6: ='Jyske_afdrag'!I36 | H6: ='Jyske_afdrag'!B36
A7: Jyske Realkredit – Fastrente 4% (afdragsfrihed 10 år) | B7: 30 år, 10 års afdragsfrihed | C7: 2879000 | D7: 0.04 | E7: 0.00225 | F7: ='Jyske_AF10'!F36 | G7: ='Jyske_AF10'!I36 | H7: ='Jyske_AF10'!B36
A8: Jyske Realkredit – Fastrente 4% (afdragsfrihed 30 år) | B8: 30 år, 30 års afdragsfrihed | C8: 2915000 | D8: 0.04 | E8: 0.00425 | F8: ='Jyske_AF30'!F36 | G8: ='Jyske_AF30'!I36 | H8: ='Jyske_AF30'!B36
A10: Forskel i NV af bidrag (Jyske med afdrag − Danske) | G10: =G6-G5
A13: Noter:
A14: • Begge tilbud er 30-årige fastforrentede obligationslån med 4,00% kuponrente; den direkte sammenlignelige variant er 'med afdrag'.
A15: • Jyske-tilbuddet oplyser bidrag pr. år direkte i ydelsesforløbet – brugt som anført.
A16: • Danske-tilbuddet oplyser ikke bidrag i årstabellen; bidraget er rekonstrueret fra et kvartalsvist afdragsforløb (0,2060% p.a. af restgælden) og reproducerer tilbuddets 'Restgæld ultimo' inden for ~1.000 kr.
A17: • 2026-2028 vises i tilbuddene kvartalsvist og er her aggregeret til kalenderår.
A18: • Nutidsværdi (NV) diskonterer hvert års bidrag med 1/(1+rente)^(år−2026); 2026 diskonteres ikke (t=0).
A19: • Afdragsfrihed holder restgælden høj længere og giver derfor markant højere samlet bidrag.

Sheet Danske
A1: Danske / Realkredit Danmark – Obligationslån 4% (med afdrag)
A2: Bidrag = bidragssats anvendt på restgælden. Diskonteringsrente og diskontering: se fanen 'Summary'. Diskonteringsfaktor = 1/(1+rente)^(år−2026).
A4: År | B4: Ydelse før skat | C4: Ydelse efter skat | D4: Afdrag | E4: Renter | F4: Bidrag | G4: Restgæld ultimo | H4: Diskonteringsfaktor | I4: NV af bidrag
A5: 2026 | B5: 84700 | C5: 69763 | D5: 24904 | E5: 56883 | F5: 2913 | G5: 2809096 | H5: =1/(1+Summary!$B$2)^(A5-2026) | I5: =F5*H5
A6: 2027 | B6: 168397 | C6: 139082 | D6: 51045 | E6: 111604 | F6: 5748 | G6: 2758051 | H6: =1/(1+Summary!$B$2)^(A6-2026) | I6: =F6*H6
A7: 2028 | B7: 168290 | C7: 139520 | D7: 53117 | E7: 109532 | F7: 5641 | G7: 2704934 | H7: =1/(1+Summary!$B$2)^(A7-2026) | I7: =F7*H7
A8: 2029 | B8: 168179 | C8: 139975 | D8: 55274 | E8: 107375 | F8: 5530 | G8: 2649660 | H8: =1/(1+Summary!$B$2)^(A8-2026) | I8: =F8*H8
A9: 2030 | B9: 168063 | C9: 140449 | D9: 57518 | E9: 105130 | F9: 5415 | G9: 2592142 | H9: =1/(1+Summary!$B$2)^(A9-2026) | I9: =F9*H9
A10: 2031 | B10: 167943 | C10: 140942 | D10: 59853 | E10: 102796 | F10: 5294 | G10: 2532289 | H10: =1/(1+Summary!$B$2)^(A10-2026) | I10: =F10*H10
A11: 2032 | B11: 167818 | C11: 141455 | D11: 62284 | E11: 100365 | F11: 5169 | G11: 2470005 | H11: =1/(1+Summary!$B$2)^(A11-2026) | I11: =F11*H11
A12: 2033 | B12: 167687 | C12: 141989 | D12: 64813 | E12: 97835 | F12: 5039 | G12: 2405192 | H12: =1/(1+Summary!$B$2)^(A12-2026) | I12: =F12*H12
A13: 2034 | B13: 167552 | C13: 142545 | D13: 67445 | E13: 95203 | F13: 4904 | G13: 2337747 | H13: =1/(1+Summary!$B$2)^(A13-2026) | I13: =F13*H13
A14: 2035 | B14: 167411 | C14: 143123 | D14: 70183 | E14: 92465 | F14: 4763 | G14: 2267564 | H14: =1/(1+Summary!$B$2)^(A14-2026) | I14: =F14*H14
A15: 2036 | B15: 167264 | C15: 143725 | D15: 73032 | E15: 89616 | F15: 4616 | G15: 2194532 | H15: =1/(1+Summary!$B$2)^(A15-2026) | I15: =F15*H15
A16: 2037 | B16: 167111 | C16: 144351 | D16: 75999 | E16: 86649 | F16: 4463 | G16: 2118533 | H16: =1/(1+Summary!$B$2)^(A16-2026) | I16: =F16*H16
... A35: 2056 | B35: 80353 | C35: 80043 | D35: 79109 | E35: 1182 | F35: 62 | G35: 0 | H35: =1/(1+Summary!$B$2)^(A35-2026) | I35: =F35*H35
A36: Total | B36: =SUM(B5:B35) | C36: =SUM(C5:C35) | D36: =SUM(D5:D35) | E36: =SUM(E5:E35) | F36: =SUM(F5:F35) | I36: =SUM(I5:I35)

Sheet Jyske_afdrag
A1: Jyske Realkredit – Fastrente 4% (med afdrag)
A2: Bidrag = bidragssats anvendt på restgælden. Diskonteringsrente og diskontering: se fanen 'Summary'. Diskonteringsfaktor = 1/(1+rente)^(år−2026).
A4: År | B4: Ydelse før skat | C4: Ydelse efter skat | D4: Afdrag | E4: Renter | F4: Bidrag | G4: Restgæld ultimo | H4: Diskonteringsfaktor | I4: NV af bidrag
A5: 2026 | B5: 89149 | C5: 72953 | D5: 26131 | E5: 59662 | F5: 3356 | G5: 2822869 | H5: =1/(1+Summary!$B$2)^(A5-2026) | I5: =F5*H5
A6: 2027 | B6: 169808 | C6: 139364 | D6: 51348 | E6: 112152 | F6: 6309 | G6: 2771521 | H6: =1/(1+Summary!$B$2)^(A6-2026) | I6: =F6*H6
A7: 2028 | B7: 169690 | C7: 139812 | D7: 53433 | E7: 110066 | F7: 6192 | G7: 2718087 | H7: =1/(1+Summary!$B$2)^(A7-2026) | I7: =F7*H7
A8: 2029 | B8: 169569 | C8: 140280 | D8: 55603 | E8: 107896 | F8: 6069 | G8: 2662484 | H8: =1/(1+Summary!$B$2)^(A8-2026) | I8: =F8*H8
A9: 2030 | B9: 169442 | C9: 140765 | D9: 57861 | E9: 105639 | F9: 5942 | G9: 2604623 | H9: =1/(1+Summary!$B$2)^(A9-2026) | I9: =F9*H9
A10: 2031 | B10: 169310 | C10: 141271 | D10: 60210 | E10: 103289 | F10: 5810 | G10: 2544413 | H10: =1/(1+Summary!$B$2)^(A10-2026) | I10: =F10*H10
A11: 2032 | B11: 169172 | C11: 141797 | D11: 62655 | E11: 100844 | F11: 5673 | G11: 2481757 | H11: =1/(1+Summary!$B$2)^(A11-2026) | I11: =F11*H11
A12: 2033 | B12: 169029 | C12: 142345 | D12: 65199 | E12: 98300 | F12: 5529 | G12: 2416558 | H12: =1/(1+Summary!$B$2)^(A12-2026) | I12: =F12*H12
A13: 2034 | B13: 168880 | C13: 142914 | D13: 67846 | E13: 95653 | F13: 5380 | G13: 2348712 | H13: =1/(1+Summary!$B$2)^(A13-2026) | I13: =F13*H13
A14: 2035 | B14: 168725 | C14: 143507 | D14: 70601 | E14: 92898 | F14: 5226 | G14: 2278111 | H14: =1/(1+Summary!$B$2)^(A14-2026) | I14: =F14*H14
A15: 2036 | B15: 168564 | C15: 144124 | D15: 73468 | E15: 90032 | F15: 5064 | G15: 2204643 | H15: =1/(1+Summary!$B$2)^(A15-2026) | I15: =F15*H15
A16: 2037 | B16: 168396 | C16: 144766 | D16: 76451 | E16: 87048 | F16: 4896 | G16: 2128191 | H16: =1/(1+Summary!$B$2)^(A16-2026) | I16: =F16*H16
... A35: 2056 | B35: 78193 | C35: 77787 | D35: 76612 | E35: 1131 | F35: 450 | G35: 0 | H35: =1/(1+Summary!$B$2)^(A35-2026) | I35: =F35*H35
A36: Total | B36: =SUM(B5:B35) | C36: =SUM(C5:C35) | D36: =SUM(D5:D35) | E36: =SUM(E5:E35) | F36: =SUM(F5:F35) | I36: =SUM(I5:I35)

Sheet Jyske_AF10
A1: Jyske Realkredit – Fastrente 4% (afdragsfrihed 10 år)
A2: Bidrag = bidragssats anvendt på restgælden. Diskonteringsrente og diskontering: se fanen 'Summary'. Diskonteringsfaktor = 1/(1+rente)^(år−2026).
A4: År | B4: Ydelse før skat | C4: Ydelse efter skat | D4: Afdrag | E4: Renter | F4: Bidrag | G4: Restgæld ultimo | H4: Diskonteringsfaktor | I4: NV af bidrag
A5: 2026 | B5: 63826 | C5: 47423 | D5: 0 | E5: 60427 | F5: 3399 | G5: 2879000 | H5: =1/(1+Summary!$B$2)^(A5-2026) | I5: =F5*H5
A6: 2027 | B6: 121636 | C6: 90376 | D6: 0 | E6: 115160 | F6: 6476 | G6: 2879000 | H6: =1/(1+Summary!$B$2)^(A6-2026) | I6: =F6*H6
A7: 2028 | B7: 121636 | C7: 90376 | D7: 0 | E7: 115160 | F7: 6476 | G7: 2879000 | H7: =1/(1+Summary!$B$2)^(A7-2026) | I7: =F7*H7
A8: 2029 | B8: 121638 | C8: 90377 | D8: 0 | E8: 115160 | F8: 6478 | G8: 2879000 | H8: =1/(1+Summary!$B$2)^(A8-2026) | I8: =F8*H8
A9: 2030 | B9: 121638 | C9: 90377 | D9: 0 | E9: 115160 | F9: 6478 | G9: 2879000 | H9: =1/(1+Summary!$B$2)^(A9-2026) | I9: =F9*H9
A10: 2031 | B10: 121638 | C10: 90377 | D10: 0 | E10: 115160 | F10: 6478 | G10: 2879000 | H10: =1/(1+Summary!$B$2)^(A10-2026) | I10: =F10*H10
A11: 2032 | B11: 121638 | C11: 90377 | D11: 0 | E11: 115160 | F11: 6478 | G11: 2879000 | H11: =1/(1+Summary!$B$2)^(A11-2026) | I11: =F11*H11
A12: 2033 | B12: 121638 | C12: 90377 | D12: 0 | E12: 115160 | F12: 6478 | G12: 2879000 | H12: =1/(1+Summary!$B$2)^(A12-2026) | I12: =F12*H12
A13: 2034 | B13: 121638 | C13: 90377 | D13: 0 | E13: 115160 | F13: 6478 | G13: 2879000 | H13: =1/(1+Summary!$B$2)^(A13-2026) | I13: =F13*H13
A14: 2035 | B14: 121638 | C14: 90377 | D14: 0 | E14: 115160 | F14: 6478 | G14: 2879000 | H14: =1/(1+Summary!$B$2)^(A14-2026) | I14: =F14*H14
A15: 2036 | B15: 168949 | C15: 137752 | D15: 47561 | E15: 114923 | F15: 6464 | G15: 2831439 | H15: =1/(1+Summary!$B$2)^(A15-2026) | I15: =F15*H15
A16: 2037 | B16: 216098 | C16: 185749 | D16: 98009 | E16: 111800 | F16: 6289 | G16: 2733430 | H16: =1/(1+Summary!$B$2)^(A16-2026) | I16: =F16*H16
... A35: 2056 | B35: 105337 | C35: 104823 | D35: 103335 | E35: 1553 | F35: 450 | G35: 0 | H35: =1/(1+Summary!$B$2)^(A35-2026) | I35: =F35*H35
A36: Total | B36: =SUM(B5:B35) | C36: =SUM(C5:C35) | D36: =SUM(D5:D35) | E36: =SUM(E5:E35) | F36: =SUM(F5:F35) | I36: =SUM(I5:I35)

Sheet Jyske_AF30
A1: Jyske Realkredit – Fastrente 4% (afdragsfrihed 30 år)
A2: Bidrag = bidragssats anvendt på restgælden. Diskonteringsrente og diskontering: se fanen 'Summary'. Diskonteringsfaktor = 1/(1+rente)^(år−2026).
A4: År | B4: Ydelse før skat | C4: Ydelse efter skat | D4: Afdrag | E4: Renter | F4: Bidrag | G4: Restgæld ultimo | H4: Diskonteringsfaktor | I4: NV af bidrag
A5: 2026 | B5: 67683 | C5: 50289 | D5: 0 | E5: 61183 | F5: 6501 | G5: 2915000 | H5: =1/(1+Summary!$B$2)^(A5-2026) | I5: =F5*H5
A6: 2027 | B6: 128988 | C6: 95840 | D6: 0 | E6: 116600 | F6: 12388 | G6: 2915000 | H6: =1/(1+Summary!$B$2)^(A6-2026) | I6: =F6*H6
A7: 2028 | B7: 128988 | C7: 95840 | D7: 0 | E7: 116600 | F7: 12388 | G7: 2915000 | H7: =1/(1+Summary!$B$2)^(A7-2026) | I7: =F7*H7
A8: 2029 | B8: 128989 | C8: 95839 | D8: 0 | E8: 116600 | F8: 12389 | G8: 2915000 | H8: =1/(1+Summary!$B$2)^(A8-2026) | I8: =F8*H8
A9: 2030 | B9: 128989 | C9: 95839 | D9: 0 | E9: 116600 | F9: 12389 | G9: 2915000 | H9: =1/(1+Summary!$B$2)^(A9-2026) | I9: =F9*H9
A10: 2031 | B10: 128989 | C10: 95839 | D10: 0 | E10: 116600 | F10: 12389 | G10: 2915000 | H10: =1/(1+Summary!$B$2)^(A10-2026) | I10: =F10*H10
A11: 2032 | B11: 128989 | C11: 95839 | D11: 0 | E11: 116600 | F11: 12389 | G11: 2915000 | H11: =1/(1+Summary!$B$2)^(A11-2026) | I11: =F11*H11
A12: 2033 | B12: 128989 | C12: 95839 | D12: 0 | E12: 116600 | F12: 12389 | G12: 2915000 | H12: =1/(1+Summary!$B$2)^(A12-2026) | I12: =F12*H12
A13: 2034 | B13: 128989 | C13: 95839 | D13: 0 | E13: 116600 | F13: 12389 | G13: 2915000 | H13: =1/(1+Summary!$B$2)^(A13-2026) | I13: =F13*H13
A14: 2035 | B14: 128989 | C14: 95839 | D14: 0 | E14: 116600 | F14: 12389 | G14: 2915000 | H14: =1/(1+Summary!$B$2)^(A14-2026) | I14: =F14*H14
A15: 2036 | B15: 128989 | C15: 95839 | D15: 0 | E15: 116600 | F15: 12389 | G15: 2915000 | H15: =1/(1+Summary!$B$2)^(A15-2026) | I15: =F15*H15
A16: 2037 | B16: 128989 | C16: 95839 | D16: 0 | E16: 116600 | F16: 12389 | G16: 2915000 | H16: =1/(1+Summary!$B$2)^(A16-2026) | I16: =F16*H16
... A35: 2056 | B35: 2979494 | C35: 2962919 | D35: 2915000 | E35: 58300 | F35: 6194 | G35: 0 | H35: =1/(1+Summary!$B$2)^(A35-2026) | I35: =F35*H35
A36: Total | B36: =SUM(B5:B35) | C36: =SUM(C5:C35) | D36: =SUM(D5:D35) | E36: =SUM(E5:E35) | F36: =SUM(F5:F35) | I36: =SUM(I5:I35)
